Order_ID,Customer_Name,Pickup_City,Delivery_City,Current_Location,Shipment_Status,Expected_Delivery_Date
ORD1001,Aman Sharma,Delhi,Mumbai,Jaipur,In Transit,2025-11-22
ORD1002,Neha Gupta,Bangalore,Chennai,Bangalore,Order Confirmed,2025-11-20
ORD1003,Rohit Verma,Hyderabad,Pune,Hyderabad,Pickup Scheduled,2025-11-21
ORD1004,Simran Kaur,Mumbai,Delhi,Surat,In Transit,2025-11-23
ORD1005,Karan Mehta,Chennai,Kolkata,Vijayawada,In Transit,2025-11-25
ORD1006,Ananya Singh,Pune,Hyderabad,Pune,Picked Up,2025-11-20
ORD1007,Deepak Yadav,Jaipur,Indore,Kota,In Transit,2025-11-24
ORD1008,Tanya Arora,Kolkata,Bangalore,Bhubaneswar,In Transit,2025-11-26
ORD1009,Ritesh Malhotra,Lucknow,Delhi,Kanpur,In Transit,2025-11-21
ORD1010,Siddharth Jain,Indore,Jaipur,Ujjain,In Transit,2025-11-22
ORD1011,Sanya Kapoor,Surat,Ahmedabad,Surat,Order Confirmed,2025-11-20
ORD1012,Arvind Joshi,Mumbai,Goa,Mumbai,Picked Up,2025-11-21
ORD1013,Isha Bansal,Delhi,Lucknow,Agra,In Transit,2025-11-23
ORD1014,Harsh Gupta,Bangalore,Pune,Davangere,In Transit,2025-11-24
ORD1015,Aayushi Jain,Hyderabad,Chennai,Nellore,In Transit,2025-11-26
ORD1016,Manish Dubey,Kolkata,Patna,Kolkata,Picked Up,2025-11-20
ORD1017,Preeti Saini,Chennai,Delhi,Chennai,Order Confirmed,2025-11-21
ORD1018,Vivek Kumar,Pune,Bangalore,Satara,In Transit,2025-11-23
ORD1019,Yash Arora,Delhi,Indore,Gwalior,In Transit,2025-11-24
ORD1020,Rajeev Nair,Hyderabad,Mumbai,Solapur,In Transit,2025-11-25
ORD1021,Nikita Goel,Jaipur,Delhi,Alwar,In Transit,2025-11-23
ORD1022,Vikas Chauhan,Ahmedabad,Surat,Ahmedabad,Picked Up,2025-11-20
ORD1023,Megha Singh,Goa,Mumbai,Goa,Order Confirmed,2025-11-22
ORD1024,Amit Trivedi,Pune,Lucknow,Pune,Pickup Scheduled,2025-11-23
ORD1025,Raghav Kapoor,Delhi,Jaipur,Delhi,Picked Up,2025-11-21
ORD1026,Anjali Rao,Mumbai,Pune,Lonavala,In Transit,2025-11-22
ORD1027,Naman Singh,Chennai,Hyderabad,Vellore,In Transit,2025-11-24
ORD1028,Priya Chakraborty,Bangalore,Kolkata,Bangalore,Picked Up,2025-11-23
ORD1029,Raj Malhotra,Lucknow,Kanpur,Lucknow,Order Confirmed,2025-11-20
ORD1030,Swati Mishra,Delhi,Patna,Kanpur,In Transit,2025-11-26
ORD1031,Aditi Khandelwal,Indore,Delhi,Bhopal,In Transit,2025-11-23
ORD1032,Anshuman Pandey,Kolkata,Mumbai,Kharagpur,In Transit,2025-11-25
ORD1033,Gauri Sharma,Pune,Chennai,Kolhapur,In Transit,2025-11-24
ORD1034,Rohan Shetty,Bangalore,Delhi,Nagpur,In Transit,2025-11-26
ORD1035,Kritika Verma,Surat,Goa,Surat,Pickup Scheduled,2025-11-22
ORD1036,Tarun Yadav,Jaipur,Kolkata,Varanasi,In Transit,2025-11-27
ORD1037,Aarav Khanna,Hyderabad,Indore,Hyderabad,Picked Up,2025-11-22
ORD1038,Navya Kapoor,Kolkata,Chennai,Bhubaneswar,In Transit,2025-11-25
ORD1039,Prateek Rao,Mumbai,Delhi,Vadodara,In Transit,2025-11-23
ORD1040,Meera Joshi,Delhi,Mumbai,Mathura,In Transit,2025-11-24
ORD1041,Devansh Jain,Indore,Hyderabad,Indore,Picked Up,2025-11-21
ORD1042,Vishal Patil,Pune,Ahmedabad,Nashik,In Transit,2025-11-26
ORD1043,Riya Sharma,Bangalore,Lucknow,Bangalore,Picked Up,2025-11-22
ORD1044,Sahil Verma,Hyderabad,Goa,Gulbarga,In Transit,2025-11-25
ORD1045,Manya Kapoor,Delhi,Bangalore,Agra,In Transit,2025-11-27
ORD1046,Aditya Raj,Kolkata,Delhi,Kolkata,Order Confirmed,2025-11-22
ORD1047,Shreya Singh,Chennai,Goa,Chennai,Picked Up,2025-11-21
ORD1048,Rudra Mehta,Mumbai,Surat,Mumbai,Order Confirmed,2025-11-20
ORD1049,Arnav Sethi,Lucknow,Hyderabad,Jhansi,In Transit,2025-11-24
ORD1050,Nisha Oberoi,Jaipur,Mumbai,Jaipur,Pickup Scheduled,2025-11-22
